"id";"user_id";"reviewer_id";"title";"category";"aircraft_model";"registration_number";"拍摄时间";"拍摄地点";"filename";"approved";"rejection_reason";"admin_comment";"created_at";"views";"likes";"allow_use";"watermark_size";"watermark_opacity";"watermark_position";"actual_watermark_size";"is_featured";"original_width";"original_height";"final_width";"final_height";"shooting_time";"shooting_location";"Cam";"Lens";"FocalLength";"ISO";"F";"Shutter"
1845;424;424;"马航";"马来西亚航空";"a330";"9mmnj";"2026-01-07 21:22:00";"dps";"695e6c3642f29_0f7898ef9e1e80c8c58ac7abfdfed013.jpeg";1;"";"";"2026-01-07 21:22:46";20;1;1;15;80;"top-left";0;0;6176;3474;6176;3474;"2026-01-07 14:22:46";"";"";"";0;0;0.0;""
1846;424;424;"马航彩绘";"malaysiaairlnes";"airbus a330-300";"9m-mtj";"2026-01-08 17:39:00";"雅加达苏加诺哈达国际机场";"695f7b6d38568_IMG_9840.jpg";1;"";"";"2026-01-08 16:39:58";16;1;1;15;80;"top-left";0;1;6333;3562;3649;2052;"2026-01-08 09:39:58";"";"";"";0;0;0.0;""
1847;424;424;"国泰330";"Cathay pacific";"a330";"b-laz";"2026-01-03 10:40:00";"登巴萨";"696078b7cb9cb_MIMG_0234.jpg";1;"";"";"2026-01-09 10:40:40";1;0;1;15;80;"top-left";0;0;6638;3734;6638;3734;"2026-01-09 03:40:40";"";"";"";0;0;0.0;""
1848;424;424;"比我还大的飞机";"nam air";"737-500";"pk-nat";"2026-01-03 10:41:00";"登巴萨";"6960790b97fde_MIMG_0364.jpg";1;"";"";"2026-01-09 10:42:03";5;1;1;15;80;"top-left";0;0;5958;3351;5958;3351;"2026-01-09 03:42:03";"";"";"";0;0;0.0;""
1849;424;424;"SJ182同款飞机";"三佛齐航空";"737-500";"pkclh";"2026-01-03 10:43:00";"登巴萨";"6960797962d31_MIMG_9976.jpg";1;"";"";"2026-01-09 10:43:53";4;0;1;15;80;"top-left";0;0;5830;3279;5830;3279;"2026-01-09 03:43:53";"";"";"";0;0;0.0;""
1850;424;424;"首拍380";"emirates";"a380";"a6-eva";"2026-01-03 10:45:00";"登巴萨";"696079d39fd6c_MIMG_0457.jpg";1;"";"";"2026-01-09 10:45:23";5;0;1;15;80;"top-left";0;0;6097;3430;6097;3430;"2026-01-09 03:45:23";"";"";"";0;0;0.0;""
1851;424;424;"酷";"scoot";"A320neo";"9v-tnh";"2026-01-03 10:45:00";"登巴萨";"69607a05db258_MIMG_0380.jpg";2;"噪点爆炸";"";"2026-01-09 10:46:14";2;0;1;15;80;"top-left";0;0;6776;3811;6776;3811;"2026-01-09 03:46:14";"";"";"";0;0;0.0;""
1852;424;424;"sky team";"中国东方航空";"A321-214";"b1837";"2026-01-09 10:47:00";"沈阳桃仙国际机场 ZYTX";"69607a7268ef1_IMG_7080-2.jpg";2;"天太假了";"";"2026-01-09 10:48:03";1;0;1;15;80;"top-left";0;0;6960;4640;6960;4640;"2026-01-09 03:48:03";"";"";"";0;0;0.0;""
1854;424;424;"our super 50th jet";"super air jet";"A320-214";"pk-stq";"2026-01-09 14:09:00";"WIII";"6960a9dd3e56b_IMG_4252.jpg";1;"";"";"2026-01-09 14:10:22";4;0;1;15;80;"top-left";0;1;5419;3613;3725;2484;"2026-01-09 07:10:22";"";"";"";0;0;0.0;""
1855;424;424;"好多鸟";"malaysiaairlnes";"B737-800";"9M-MXY";"2026-01-03 16:01:00";"登巴萨";"6960b5df21110_MIMG_0305.jpg";1;"";"";"2026-01-09 15:01:36";11;1;1;15;80;"top-left";0;0;6087;3424;4122;2319;"2026-01-09 08:01:36";"";"";"";0;0;0.0;""
1856;424;424;"宝可梦";"GARUDA INDONESIA";"airbus a330-300";"PK-GPY";"2026-01-09 16:03:00";"雅加达苏加诺哈达国际机场";"6960b68043157_IMG_8581.jpg";1;"";"";"2026-01-09 15:04:17";6;0;1;15;80;"top-left";0;0;6163;3467;3768;2120;"2026-01-09 08:04:17";"";"";"";0;0;0.0;""
1857;424;424;"GARUDA";"Garuda Indonesia";"B737-800";"PK-GFX";"2026-01-09 16:14:00";"雅加达苏加诺哈达国际机场";"6960b8df2c646_IMG_4157(1).jpg";1;"";"";"2026-01-09 15:14:24";3;0;1;15;80;"top-left";0;0;6895;3878;4407;2479;"2026-01-09 08:14:24";"";"";"";0;0;0.0;""
1858;424;424;"ANA";"ANA";"B789";"JA894A";"2026-01-09 16:16:00";"雅加达苏加诺哈达国际机场";"6960b96db74db_IMG_1816.jpg";1;"";"";"2026-01-09 15:16:46";7;1;1;15;80;"top-left";0;0;6185;3479;3652;2054;"2026-01-09 08:16:46";"";"";"";0;0;0.0;""
1859;424;424;"74周年";"GARUDA INDONESIA";"A330-300";"PK-GPZ";"2026-01-09 16:17:00";"雅加达苏加诺哈达国际机场";"6960b9a5e303f_IMG_1801.jpg";2;"色散";"";"2026-01-09 15:17:42";1;0;1;15;80;"top-left";0;0;5440;3060;3467;1950;"2026-01-09 08:17:42";"";"";"";0;0;0.0;""
1860;424;424;"雨中公务";"私人飞机";"Hawker 800XPi";"T7-727";"2026-01-09 16:18:00";"雅加达苏加诺哈达国际机场";"6960b9de40885_IMG_1069.jpg";1;"";"";"2026-01-09 15:18:39";7;0;1;15;80;"top-left";0;0;4681;2633;3727;2096;"2026-01-09 08:18:39";"";"";"";0;0;0.0;""
1861;424;426;"湿地oneworld";"japan airlines";"787-9";"JA861J";"2026-01-09 16:20:00";"雅加达苏加诺哈达国际机场";"6960ba4135341_IMG_1033.jpg";1;"";"";"2026-01-09 15:20:18";3;0;1;15;80;"top-left";0;0;6007;3379;3679;2069;"2026-01-09 08:20:18";"";"";"";0;0;0.0;""
1862;424;426;"湿地复古";"GARUDA INDONESIA";"B737-800";"PK-GFM";"2026-01-09 16:20:00";"雅加达苏加诺哈达国际机场";"6960ba69caeb6_IMG_1009.jpg";1;"";"";"2026-01-09 15:20:58";3;0;1;15;80;"top-left";0;0;5198;2924;4335;2439;"2026-01-09 08:20:58";"";"";"";0;0;0.0;""
1863;424;426;"雨中复古";"GARUDA INDONESIA";"B737-800";"PK-GFM";"2026-01-09 16:21:00";"雅加达苏加诺哈达国际机场";"6960ba8bdcaf9_IMG_1002.jpg";1;"";"";"2026-01-09 15:21:32";7;0;1;15;80;"top-left";0;0;5900;3319;3698;2080;"2026-01-09 08:21:32";"";"";"";0;0;0.0;""
1864;424;426;"雨中新航";"SINGAPORE AIRLINES";"airbus a350-900";"9V-SMP";"2026-01-09 16:22:00";"雅加达苏加诺哈达国际机场";"6960bab614eef_IMG_0980.jpg";1;"";"";"2026-01-09 15:22:15";4;0;1;15;80;"top-left";0;0;6213;3495;3581;2014;"2026-01-09 08:22:15";"";"";"";0;0;0.0;""
1865;424;426;"雨中330neo";"GARUDA INDONESIA";"airbus a330-900";"PK-GHE";"2026-01-09 16:22:00";"雅加达苏加诺哈达国际机场";"6960badea0006_IMG_0956.jpg";1;"";"";"2026-01-09 15:22:55";7;0;1;15;80;"top-left";0;0;6142;3455;3765;2118;"2026-01-09 08:22:55";"";"";"";0;0;0.0;""
1866;424;426;"雨中sky team";"GARUDA INDONESIA";"777W";"PK-GII";"2026-01-09 16:24:00";"雅加达苏加诺哈达国际机场";"6960bb556f114_IMG_0849.jpg";1;"";"";"2026-01-09 15:24:54";5;1;1;15;80;"top-left";0;0;6097;3430;3890;2188;"2026-01-09 08:24:54";"";"";"";0;0;0.0;""
1867;424;424;"印尼解放80周年";"GARUDA INDONESIA";"B737-800";"PK-GFU";"2026-01-09 16:25:00";"雅加达苏加诺哈达国际机场";"6960bb9538834_IMG_1838.jpg";2;"暴力修图露馅了啊";"";"2026-01-09 15:25:58";2;0;1;15;80;"top-left";0;0;5888;3312;3709;2086;"2026-01-09 08:25:58";"";"";"";0;0;0.0;""
1868;427;424;"飞机";"四川航空";"A350-900";"B-32G6";"2026-01-09 19:22:00";"ctu";"6960e5037bb7e_1000026743.jpg";1;"";"";"2026-01-09 18:22:43";16;0;1;15;80;"bottom-center";0;1;1280;853;1280;853;"2026-01-09 11:22:43";"";"";"";0;0;0.0;""
1869;428;426;"雪地光";"国泰航空公司";"A330-300";"B-LBE";"2025-12-29 08:29:00";"青岛胶东国际机场";"6960e680e8d99_mmexport1767366120477.jpg";2;"颜色不佳
过度处理";"";"2026-01-09 18:29:05";7;0;1;21;60;"bottom-right";0;0;3563;2375;3563;2375;"2026-01-09 11:29:05";"";"";"";0;0;0.0;""
1870;425;427;"20548";"中国人民解放军空军";"Y-20U";"20548";"2026-01-09 10:03:00";"长春大身房机场";"69610ad980f60_IMG_20251231_193452.jpg";1;"";"";"2026-01-09 21:04:09";20;1;1;28;100;"top-left";0;1;1920;1280;1920;1280;"2026-01-09 14:04:09";"";"";"";0;0;0.0;""
1871;431;429;"航空";"首都航空";"A330-300";"B-8678";"2026-01-09 22:09:00";"PKX";"69610c0b1f3dc_IMG_7519.jpeg";1;"";"";"2026-01-09 21:09:15";13;2;1;44;80;"top-left";0;1;1280;853;1280;853;"2026-01-09 14:09:15";"";"";"";0;0;0.0;""
1872;431;429;"744";"中国国际航空";"B747-4J6";"B-2472";"2026-01-09 22:14:00";"PEK";"69610d44ae5a1_IMG_6961.jpeg";1;"";"";"2026-01-09 21:14:28";21;0;1;43;80;"top-left";0;1;3553;2369;3553;2369;"2026-01-09 14:14:28";"";"";"";0;0;0.0;""
1874;427;426;"飞机";"深圳航空";"B737-800";"B-1993";"2026-01-09 22:50:00";"ctu";"696115d067ecb_1e9c41e14b49b5b780881ca36940193b.jpeg";1;"";"";"2026-01-09 21:50:56";5;0;1;15;80;"bottom-right";0;0;1280;721;1280;721;"2026-01-09 14:50:56";"";"";"";0;0;0.0;""
1875;427;426;"飞机";"中国东方航空";"B737-800";"B-6146";"2026-01-09 22:51:00";"ctu";"696115fe9cfe3_4b005c9749e19edf726054c01abc3748.jpeg";1;"";"";"2026-01-09 21:51:42";11;0;1;15;80;"bottom-right";0;0;1280;720;1280;720;"2026-01-09 14:51:42";"";"";"";0;0;0.0;""
1876;426;427;"1";"中国东方航空";"A319";"B-8390";"2026-01-09 23:53:00";"青岛胶东国际机场";"6961178060868_IMG_8752 拷贝.jpg";1;"";"";"2026-01-09 21:58:08";12;0;1;5;80;"top-left";0;0;3735;2101;3735;2101;"2026-01-09 14:58:08";"";"";"";0;0;0.0;""
1877;428;427;"熊猫";"四川航空";"A350-941";"B-304V";"2025-12-10 11:57:00";"青岛胶东国际机场";"6961178ecfa48_mmexport1767372910458.jpg";1;"";"";"2026-01-09 21:58:23";15;0;1;19;50;"bottom-right";0;0;4647;3098;4647;3098;"2026-01-09 14:58:23";"";"";"";0;0;0.0;""
1878;428;427;"大韩";"大韩航空";"B777-300ER";"HL7783";"2025-12-13 11:59:00";"青岛胶东国际机场";"696117e385457_mmexport1767372906401.jpg";2;"噪点";"";"2026-01-09 21:59:47";0;0;1;18;45;"bottom-right";0;0;4894;3263;4894;3263;"2026-01-09 14:59:47";"";"";"";0;0;0.0;""
1879;428;427;"山航";"山东航空公司";"B737-800";"B-5755";"2025-12-11 11:08:00";"青岛胶东国际机场";"6961181bcbbaf_mmexport1767370354065.jpg";2;"紫边太严重";"";"2026-01-09 22:00:44";0;0;1;19;50;"bottom-right";0;0;4424;2949;4424;2949;"2026-01-09 15:00:44";"";"";"";0;0;0.0;""
1880;428;426;"国泰雪地光";"国泰航空";"A330-300";"B-LBE";"2025-12-09 11:37:00";"青岛胶东国际机场";"696120cda1f5f_mmexport1767366121752.jpg";2;"对比度：偏低
过度处理
偏上
颜色不佳";"过度处理：别动纹理清晰度什么的
颜色太黄了，调一下色温用蓝色中和黄色";"2026-01-09 22:37:49";0;0;1;18;95;"bottom-right";0;0;3844;2563;3844;2563;"2026-01-09 15:37:49";"";"";"";0;0;0.0;""
1881;428;426;"起飞拉烟";"四川航空";"A350-941";"B-304V";"2025-12-09 11:38:00";"青岛胶东国际机场";"696120fad7c5a_mmexport1767261148206.jpg";2;"对比度不适宜
裁切";"";"2026-01-09 22:38:34";0;0;1;19;50;"bottom-right";0;0;2880;1920;2880;1920;"2026-01-09 15:38:34";"";"";"";0;0;0.0;""
1882;424;426;"印尼解放80周年";"GARUDA INDONESIA";"B737-800";"PK-GFU";"2026-01-10 08:24:00";"CGK";"69619c5693f10_IMG_1838.jpg";1;"";"";"2026-01-10 07:24:55";9;1;1;15;80;"top-left";0;0;6051;3404;3644;2050;"2026-01-10 00:24:55";"";"";"";0;0;0.0;""
1883;93684;426;"国泰港龙";"国泰港龙航空";"A330-300";"B-HYG";"2024-04-10 12:54:00";"厦门高崎";"6961dba63be95_IMG_20251205_215712 (1).jpg";1;"";"";"2026-01-10 11:55:02";9;0;1;15;80;"top-left";0;0;4007;2255;4007;2255;"2026-01-10 04:55:02";"";"";"";0;0;0.0;""
1884;93690;427;"饺飞";"中国民航局";"Cessna560";"B-603Y";"2026-01-10 11:36:00";"揭阳潮汕国际机场";"6961e3c54e27b_1000087994.jpg";2;"对比度偏低";"";"2026-01-10 12:29:41";0;0;1;10;30;"bottom-left";0;0;3637;2273;3637;2273;"2026-01-10 05:29:41";"";"";"";0;0;0.0;""
1885;429;93684;"飞机";"中国人民解放军空军";"Chengdu J-20";"63101";"2025-09-20 13:33:00";"长春大房身机场";"6961e4ff10932_615A8281.jpeg";1;"";"";"2026-01-10 12:34:56";11;0;1;15;80;"top-right";0;0;6922;4617;4217;2813;"2026-01-10 05:34:56";"";"";"";0;0;0.0;""
1886;428;93684;"东航";"中国东方航空公司";"A330-200";"B-5902";"2024-08-10 08:49:00";"青岛胶东国际机场";"6961e884b8495_mmexport1767372908523.jpg";2;"消除脏点再上传";"图片模糊，细节不清晰，不符合发布标准";"2026-01-10 12:49:56";1;0;1;21;50;"bottom-right";0;0;4307;2627;4307;2627;"2026-01-10 05:49:56";"";"";"";0;0;0.0;""
1887;428;93684;"熊猫";"四川航空";"A350-941";"B-304V";"2024-12-10 11:50:00";"青岛胶东国际机场";"6961e8eacd9b7_mmexport1767372907516.jpg";2;"一架飞机只能传一张";"";"2026-01-10 12:51:39";1;0;1;22;50;"bottom-right";0;0;4885;3257;4885;3257;"2026-01-10 05:51:39";"";"";"";0;0;0.0;""
1888;428;93684;"上航";"上海航空";"B787-9";"B-208X";"2024-12-10 00:52:00";"上海浦东国际机场";"6961e9251cc86_mmexport1766927894387.jpg";2;"对比度不适宜";"";"2026-01-10 12:52:37";5;0;1;20;50;"bottom-right";0;0;1440;960;1440;960;"2026-01-10 05:52:37";"";"";"";0;0;0.0;""
1889;424;0;"第一万架空客";"新加坡航空";"a350";"9V-SMF";"2026-01-10 13:22:00";"CGK ";"6961f0371ed88_6498d3711c857d13da9f2a07f8528bee.jpeg";1;"";"";"2026-01-10 13:22:47";8;0;1;15;80;"top-left";0;0;1920;1280;1920;1280;"2026-01-10 06:22:47";"";"";"";0;0;0.0;""
1890;424;0;"gia";"Garuda indonesia";"b738-800";"PK-GMW";"2026-01-10 13:24:00";"dps";"6961f0c94cf17_d329b5c3a74401de7707d295d6e830be.jpeg";1;"";"";"2026-01-10 13:25:13";9;0;1;15;80;"top-left";0;0;6722;3781;6722;3781;"2026-01-10 06:25:13";"";"";"";0;0;0.0;""
1891;424;0;"维珍";"维珍航空";"B737-8";"vh8ic";"2026-01-03 13:25:00";"dps";"6961f0f85d944_f14fb1e3a94aa2a66b5e2ec124570473.jpeg";1;"";"";"2026-01-10 13:26:00";4;0;1;15;80;"top-left";0;0;4740;2666;4740;2666;"2026-01-10 06:26:00";"";"";"";0;0;0.0;""
1895;424;426;"墨镜";"吉祥航空";"A320NEO";"B-32HD";"2026-01-03 17:32:00";"DPS";"69621cde516f8_MIMG_0578.jpg";1;"";"";"2026-01-10 16:33:19";4;0;1;15;80;"top-left";0;0;6677;3756;4674;2629;"2026-01-10 09:33:19";"";"";"";0;0;0.0;""
1896;423;426;"小黄";"酷航";"Airbus A320";"b-2472";"2026-01-01 16:32:00";"cgk";"69621cdfaa4f2_Screenshot 2025-10-25 173115.png";2;"裁切";"";"2026-01-10 16:33:20";1;0;1;15;80;"top-left";0;0;1691;1141;1691;1141;"2026-01-10 09:33:20";"";"";"";0;0;0.0;""
1898;424;427;"卡航25周年";"QATAR";"787-8";"A7-BCZ";"2026-01-03 17:37:00";"DPS";"69621de8e0701_MIMG_0555.jpg";1;"过度处理";"";"2026-01-10 16:37:46";6;0;1;15;80;"top-left";0;0;5951;3347;4455;2506;"2026-01-10 09:37:46";"";"";"";0;0;0.0;""
1901;424;427;"雨中华航";"china airlines";"airbus a350-900";"b-18907";"2026-01-10 17:41:00";"CGK";"69621ef8c3b9c_IMG_0590.jpg";1;"";"";"2026-01-10 16:42:18";5;0;1;15;80;"top-left";0;0;6411;3606;3747;2108;"2026-01-10 09:42:18";"";"";"";0;0;0.0;""
1902;424;427;"c909";"transnusa";"C909";"PK-TJC";"2026-01-10 17:44:00";"CGK";"69621f90b0cde_IMG_4509(1)(1)-2.jpg";1;"";"";"2026-01-10 16:44:48";6;0;1;15;80;"top-left";0;0;1280;720;1280;720;"2026-01-10 09:44:48";"";"";"";0;0;0.0;""
1903;424;424;"干地oneword";"japan airlines";"787-9";"JA861J";"2026-01-10 17:45:00";"CGK";"69621fe4afce8_IMG_0118.jpg";1;"";"";"2026-01-10 16:46:14";5;0;1;15;80;"top-left";0;0;6100;3431;3918;2204;"2026-01-10 09:46:14";"";"";"";0;0;0.0;""
1905;93708;426;"REPUBLIK INDONESIA";"Garuda Indonesia";"Boeing777-300ER";"PK-GIG";"2026-01-08 18:59:00";"CGK";"69623114b4e38_IMG_5343-已增强-降噪-2-1.jpg";1;"";"";"2026-01-10 17:59:33";10;1;1;15;80;"bottom-center";0;0;4827;3218;4827;3218;"2026-01-10 10:59:33";"";"";"";0;0;0.0;""
1906;93708;426;"Malaysia Airlines";"Malaysia Airlines";"Boeing 737 800";"9M-MXY";"2026-01-08 19:01:00";"CGK";"69623197a7b8c_MIMG_0305-已增强-降噪-1.jpg";1;"";"";"2026-01-10 18:01:44";11;0;1;15;80;"bottom-center";0;0;6219;4146;6219;4146;"2026-01-10 11:01:44";"";"";"";0;0;0.0;""
1907;93715;429;"国航744黄金光降落";"中国国际航空";"747-400";"B-2472";"2026-01-10 19:48:00";"广州白云国际机场";"69623caaaa1fd_SJJ_2758.jpg";1;"";"";"2026-01-10 18:48:59";9;0;1;12;50;"top-left";0;0;5803;3746;5803;3746;"2026-01-10 11:48:59";"";"";"";0;0;0.0;""
1908;429;426;"飞机";"中国人民解放军空军";"Chengdu J-10";"09";"2025-09-20 19:49:00";"CGQ";"69623ceeb6168_615A8635.jpeg";1;"";"";"2026-01-10 18:50:08";14;0;1;15;80;"top-left";0;1;5658;3774;4192;2796;"2026-01-10 11:50:08";"";"";"";0;0;0.0;""
1909;429;426;"飞机";"中国人民解放军空军";"Chengdu J-20";"63106";"2025-09-20 19:51:00";"CGQ";"69623d6c13abd_615A1636.jpeg";1;"";"";"2026-01-10 18:52:14";7;0;1;15;80;"top-right";0;0;7183;4791;4415;2945;"2026-01-10 11:52:14";"";"";"";0;0;0.0;""
1910;429;426;"飞机";"中国人民解放军空军";"Shenyang J-16";"70201";"2025-09-20 19:53:00";"CGQ";"69623e11bf057_615A1624.jpeg";1;"";"";"2026-01-10 18:55:00";9;0;1;15;80;"top-left";0;0;7648;5101;4890;3261;"2026-01-10 11:55:00";"";"";"";0;0;0.0;""
1911;427;426;"飞机";"中国东方航空";"787-9";"B-209N";"2026-01-10 20:31:00";"ctu";"69624694aa1ba_B209N_PlanespottersNet_1851226.jpg";1;"";"";"2026-01-10 19:31:16";7;0;1;15;80;"bottom-right";0;0;1280;720;1280;720;"2026-01-10 12:31:16";"";"";"";0;0;0.0;""
1914;429;426;"机场";"中国人民解放军空军";"Chengdu J-10";"11";"2025-09-20 21:06:00";"CGQ";"69624ef01bfcc_615A1763.jpeg";1;"";"";"2026-01-10 20:06:58";7;0;1;15;80;"top-left";0;0;6299;4201;5271;3515;"2026-01-10 13:06:58";"";"";"";0;0;0.0;""
1915;429;426;"飞机";"中国人民解放军空军";"Shanxi KJ-500";"20573";"2025-09-20 21:17:00";"CGQ";"696251bb20d13_615A1695.jpeg";1;"";"";"2026-01-10 20:18:51";6;0;1;15;80;"top-left";0;0;5280;3522;5280;3522;"2026-01-10 13:18:51";"";"";"";0;0;0.0;""
1916;427;429;"飞机";"sun air";"G650";"VN-A298";"2026-01-10 21:24:00";"ctu";"6962530f2bab2_IMG_0542.jpeg";1;"";"";"2026-01-10 20:24:31";7;0;1;5;10;"bottom-center";0;0;1280;720;1280;720;"2026-01-10 13:24:31";"";"";"";0;0;0.0;""
1919;427;429;"飞机";"中国国际航空";"A350-900";"B-308M";"2026-01-10 21:28:00";"ctu";"6962542e709d6_IMG_2574.jpeg";1;"";"";"2026-01-10 20:29:18";7;0;1;15;80;"bottom-center";0;0;1280;854;1280;854;"2026-01-10 13:29:18";"";"";"";0;0;0.0;""
1920;427;429;"飞机";"国泰航空";"A330";"B-HWM";"2026-01-10 21:30:00";"tfu";"696254789cd22_8dad35f10b218a48d084fbb53b6575b2.jpeg";1;"";"";"2026-01-10 20:30:32";9;0;1;15;80;"bottom-right";0;0;1280;854;1280;854;"2026-01-10 13:30:32";"";"";"";0;0;0.0;""
1921;427;426;"ctu";"中国国际航空";"A350-900";"B-307A";"2026-01-10 21:31:00";"ctu";"696254c518279_IMG_2235.jpeg";1;"";"";"2026-01-10 20:31:49";7;0;1;15;80;"bottom-right";0;0;1280;720;1280;720;"2026-01-10 13:31:49";"";"";"";0;0;0.0;""
1922;427;426;"飞机";"成都航空";"A321";"B-32F9";"2026-01-10 21:32:00";"ctu";"696254f7e88fe_IMG_2182.jpeg";1;"";"";"2026-01-10 20:32:39";8;0;1;15;80;"bottom-right";0;0;1280;720;1280;720;"2026-01-10 13:32:39";"";"";"";0;0;0.0;""
1923;427;429;"参考价格";"中国国际航空";"A319";"B-6235";"2026-01-10 21:33:00";"ctu";"6962555f012ce_IMG_1963.jpeg";1;"";"";"2026-01-10 20:34:23";8;0;1;15;80;"bottom-center";0;0;1280;720;1280;720;"2026-01-10 13:34:23";"";"";"";0;0;0.0;""
1924;427;429;"ZUUU刘某";"中国国际航空";"A350-900";"B-322H";"2026-01-10 21:35:00";"ctu";"696255a101537_IMG_2572.jpeg";1;"";"";"2026-01-10 20:35:29";8;0;1;15;80;"bottom-center";0;0;1280;854;1280;854;"2026-01-10 13:35:29";"";"";"";0;0;0.0;""
1925;427;426;"萌新首过sy哈哈哈哈哈哈哈哈哈哈哈哈哈哈";"四川航空";"A350-900";"B-32G6";"2026-01-10 21:37:00";"ctu";"69625628e66e8_IMG_1826.jpeg";1;"";"";"2026-01-10 20:37:44";10;1;1;15;80;"bottom-right";0;0;1280;720;1280;720;"2026-01-10 13:37:44";"";"";"";0;0;0.0;""
1926;427;426;"你乖乖";"长龙航空";"A320";"B-8453";"2026-01-10 21:38:00";"ctu";"6962566dad6fa_IMG_1351.jpeg";1;"对比度";"";"2026-01-10 20:38:53";7;0;1;15;80;"top-left";0;0;1280;720;1280;720;"2026-01-10 13:38:53";"";"";"";0;0;0.0;""
1927;427;429;"飞机";"sun air";"G650";"VN-A579";"2120-01-10 21:41:00";"ctu";"69625732abad7_IMG_0510.jpeg";1;"";"";"2026-01-10 20:42:10";8;0;1;15;80;"bottom-center";0;0;1280;720;1280;720;"2026-01-10 13:42:10";"";"";"";0;0;0.0;""
1928;427;425;"农村入进成了";"N/A";"N/A";"N/A";"2026-01-10 22:03:00";"tfu";"69625c381e8bf_7ac446722fd1d063b9bf23b001ba05bb.jpeg";1;"";"";"2026-01-10 21:03:36";18;0;1;5;10;"bottom-left";0;1;1280;720;1280;720;"2026-01-10 14:03:36";"";"";"";0;0;0.0;""
1929;427;426;"sy过了";"中国南方航空";"a321";"B-327H";"2048-01-10 22:08:00";"ctu";"69625d4feb071_IMG_9191.jpeg";1;"";"";"2026-01-10 21:08:15";11;0;1;15;80;"bottom-right";0;0;1280;720;1280;720;"2026-01-10 14:08:15";"";"";"";0;0;0.0;""
1930;93715;424;"彩绘";"中国南方航空";"A350-900";"B-308T";"2026-01-02 09:23:00";"广州白云国际机场";"6962fbe8da778_SJJ_2112.jpg";2;"can";"";"2026-01-11 08:24:57";0;0;1;12;95;"top-left";0;0;5337;3002;5337;3002;"2026-01-11 01:24:57";"";"";"";0;0;0.0;""
1931;93715;424;"南航";"中国南方航空";"A350-941";"B308T";"2026-01-02 09:34:00";"CAN";"6962febb27600_SJJ_2112.jpg";1;"";"";"2026-01-11 08:36:59";9;1;1;15;80;"top-left";0;0;5337;3002;5337;3002;"2026-01-11 01:36:59";"";"";"";0;0;0.0;""
1932;93712;427;"更亮的剪影";"japan airlines";"787-9";"JA861J";"2026-01-11 09:41:00";"CGK";"6962ffe93e2f7_IMG_5867.jpg";2;"对";"";"2026-01-11 08:42:01";2;0;1;15;80;"top-left";0;0;3434;1932;3434;1932;"2026-01-11 01:42:01";"";"";"";0;0;0.0;""
1933;427;424;"彼得和舅舅滴滴泪";"N/A";"N/A";"N/A";"2026-01-11 10:23:00";"ckg";"6963098f487d6_8dbcd4aadbbd044b856c0609c9bc6532.jpeg";1;"";"";"2026-01-11 09:23:11";10;0;1;15;80;"bottom-center";0;0;1280;720;1280;720;"2026-01-11 02:23:11";"";"";"";0;0;0.0;""
1934;93715;429;"国航";"中国国际航空";"737-79L";"B-5296";"2026-01-10 11:36:00";"CAN";"69631adb36222_SJJ_2721 (1).jpg";2;"不招";"";"2026-01-11 10:36:59";1;0;1;15;80;"top-right";0;0;4875;3441;4875;3441;"2026-01-11 03:36:59";"";"";"";0;0;0.0;""
1936;93715;427;"国航空客a320无搭载国旗";"中国国际航空";"A320-232";"B-6773";"2026-01-10 12:01:00";"CAN";"696320e893fa0_PSX_20260110_110708.jpg";1;"";"";"2026-01-11 11:02:48";9;0;1;15;80;"bottom-left";0;0;5087;3417;5087;3417;"2026-01-11 04:02:48";"";"";"";0;0;0.0;""
1937;93715;427;"国航在金光之下滑行等待起飞";"中国国际航空";"A330-243";"B-6131";"2026-01-09 11:54:00";"CAN";"696321d1b1724_synthesis_621420d6-a0ba-42d4-81de-3f004802d915_image_save_local1767442438228.jpg";1;"";"";"2026-01-11 11:06:41";11;0;1;15;80;"top-left";0;0;3312;2160;3312;2160;"2026-01-11 04:06:41";"";"";"";0;0;0.0;""
1938;427;429;"飞机";"成都航空";"C909";"B-603P";"2026-01-11 12:20:00";"ctu";"696324f8dd9ed_IMG_2850.jpeg";1;"";"";"2026-01-11 11:20:08";9;0;1;15;80;"bottom-right";0;0;1920;1080;1920;1080;"2026-01-11 04:20:08";"";"";"";0;0;0.0;""
1939;93715;429;"成都航空";"成都航空";"A321-251NEO ACF";"B32G5";"2026-01-10 13:01:00";"CAN";"696331e06f0e8_PSX_20260110_131356.jpg";2;"不招";"";"2026-01-11 12:15:12";1;0;1;16;100;"middle-left";0;0;5250;3500;5250;3500;"2026-01-11 05:15:12";"";"";"";0;0;0.0;""
1940;93715;429;"成都航空";"成都航空";"A320-251N NEO ACF";"B32G5";"2026-01-10 13:49:00";"CAN";"69633c36b6ef9_PSX_20260110_131356.jpg";1;"";"";"2026-01-11 12:59:19";8;0;1;10;85;"top-left";0;0;5250;3500;5250;3500;"2026-01-11 05:59:19";"";"";"";0;0;0.0;""
1941;93715;429;"中华航空747货机";"中华航空";"747-400";"B-18721";"2024-06-02 14:00:00";"CAN";"69633c9e8a076_PSX_20260111_132624.jpg";1;"";"";"2026-01-11 13:01:02";6;0;1;15;80;"top-left";0;0;5504;3096;5504;3096;"2026-01-11 06:01:02";"";"";"";0;0;0.0;""
1942;93715;424;"南航飞机凌月";"中国南方航空";"777-31b";"B-2048";"2026-01-10 12:08:00";"CAN";"69635c9d2ab87_PSX_20260111_161524.jpg";2;"机身过曝
黑边
如果有意";"";"2026-01-11 15:17:33";1;0;1;21;85;"top-left";0;0;4449;2495;4449;2495;"2026-01-11 08:17:33";"";"";"";0;0;0.0;""
1943;93715;429;"重庆航空";"重庆航空";"A321 neo";"B-30E3";"2026-01-10 16:19:00";"CAN";"69635f16d1e59_PSX_20260111_162523.jpg";1;"加点锐度";"";"2026-01-11 15:28:07";6;0;1;15;80;"top-left";0;0;4280;2408;4280;2408;"2026-01-11 08:28:07";"";"";"";0;0;0.0;""
1944;93721;429;"星空联盟";"中国国际航空";"B737-89L(WL)";"B-5497";"2026-01-11 16:52:00";"中国";"69636513c6ef9__DSC3035副本_2.jpeg";2;"机场请使用三位码";"";"2026-01-11 15:53:39";6;1;1;8;45;"top-left";0;0;3776;2517;3776;2517;"2026-01-11 08:53:39";"";"";"";0;0;0.0;""
1945;93722;424;"大韩新涂";"大韩航空";"Boeing 737-800";"HL8248";"2026-01-11 19:44:00";"SHE";"696370c09d72f_IMG_045201.jpg";2;"杂色";"";"2026-01-11 16:43:30";1;0;1;20;80;"bottom-right";0;0;6960;4640;3744;2496;"2026-01-11 09:43:30";"";"";"";0;0;0.0;""
1946;93722;429;"东航332";"中国东方航空";"Airbus 330-200";"B-8231";"2026-01-11 19:54:00";"SHE";"696372fd2efc5_IMG_98631.jpg";2;"前景";"";"2026-01-11 16:53:01";1;0;1;15;80;"top-left";0;0;6960;4640;6960;4640;"2026-01-11 09:53:01";"";"";"";0;0;0.0;""
1947;93715;429;"南航";"中国南方航空";"777-31B";"B-7185";"2026-01-10 09:35:00";"CAN";"69637d1b17e78_synthesis_463c04a4-dd91-4078-8594-a74f50fab856_image_save_local1767970665854.jpg";1;"";"";"2026-01-11 17:36:11";7;0;1;15;80;"top-left";0;0;3466;2160;3466;2160;"2026-01-11 10:36:11";"";"";"";0;0;0.0;""
1948;93715;429;"海南航空";"中国海南航空";"787-9";"B-7837";"2026-01-09 18:27:00";"CAN";"69637d8a78274_synthesis_49dd0d47-e5d9-479b-b930-b72079d183cf_image_save_local1767442439736.jpg";2;"加对比度";"";"2026-01-11 17:38:02";1;0;1;15;10;"top-left";0;0;3394;2160;3394;2160;"2026-01-11 10:38:02";"";"";"";0;0;0.0;""
1949;93715;429;"海航";"中国海南航空";"787-9";"B-7837";"2026-01-10 16:00:00";"CAN";"696382eca1bd7_PSX_20260111_185922.jpg";1;"";"";"2026-01-11 18:01:00";8;0;1;15;80;"top-left";0;0;3392;2159;3392;2159;"2026-01-11 11:01:00";"";"";"";0;0;0.0;""
1950;424;427;"借来的飞机";"Garuda";"a330";"t7mmm";"2026-01-11 18:43:00";"cgk";"69638cee85452_9d84879839eac5555325fa7a386ee6b3.jpeg";2;"光晕
竟然是腐竹畏惧了";"";"2026-01-11 18:43:44";0;0;1;15;80;"top-left";0;0;6404;4269;4771;3180;"2026-01-11 11:43:44";"";"";"";0;0;0.0;""
1951;431;427;"pkx";"厦门航空";"Boeing737-800";"B-5845";"2026-01-11 20:52:00";"PKX";"69639e28e0826_30c00a555bbef63a7fe4dee3c96c4b2e.jpg";1;"";"";"2026-01-11 19:57:12";5;0;1;15;80;"top-left";0;0;1280;853;1280;853;"2026-01-11 12:57:12";"";"";"";0;0;0.0;""
1952;427;429;"飞机";"四川航空";"A350-900";"B-32F8";"2026-01-11 22:39:00";"ctu";"6963b64ce916c_IMG_2866.jpeg";1;"";"";"2026-01-11 21:40:13";11;1;1;15;80;"bottom-right";0;0;1920;1080;1920;1080;"2026-01-11 14:40:13";"";"";"";0;0;0.0;""
1953;93725;424;"B-2099";"中国南方航空";"Boeing777-300ER";"B-2099";"2026-01-08 14:16:00";"广州白云国际机场";"6964923cde13a_DSC02728.jpg";2;"白云机场用can";"";"2026-01-12 13:18:37";0;0;1;5;80;"top-right";0;0;4966;2793;4966;2793;"2026-01-12 06:18:37";"";"";"";0;0;0.0;""
1954;93725;424;"C919";"中国南方航空";"COMAC C919";"B-658Y";"2026-01-08 14:22:00";"广州白云国际机场";"696493672295a_DSC02652.jpg";2;"麻烦您在机场那栏使用三位编码后上传。";"";"2026-01-12 13:23:35";0;0;1;7;70;"top-right";0;0;3061;1722;3061;1722;"2026-01-12 06:23:35";"";"";"";0;0;0.0;""
1955;93725;424;" B-2813";"中国邮政航空";"Boeing757-200";"B-2813";"2026-01-08 17:05:00";"广州白云国际机场";"6964b987afd09_DSC02607.jpg";2;"哈哈";"";"2026-01-12 16:06:15";0;0;1;5;80;"top-right";0;0;3899;2193;3899;2193;"2026-01-12 09:06:15";"";"";"";0;0;0.0;""
1956;93725;424;"B-2099";"中国南方航空";"Boeing777-300ER";"B-2099";"2026-01-08 17:07:00";"CAN";"6964ba2589d8c_DSC02728.jpg";2;"哈哈哈";"";"2026-01-12 16:08:53";4;0;1;5;80;"top-right";0;0;4966;2793;4966;2793;"2026-01-12 09:08:53";"";"";"";0;0;0.0;""
1957;93725;424;"警";"广州市政府飞行队";"H145";"44011";"2026-01-08 18:56:00";"N/A";"6964d3cb5bf2a_文档.jpg";1;"";"";"2026-01-12 17:58:19";9;0;1;5;80;"top-left";0;0;4802;2701;4802;2701;"2026-01-12 10:58:19";"";"";"";0;0;0.0;""
1958;93725;424;"C919";"中国南方航空";"COMAC C919";"B-658Y";"2026-01-08 19:00:00";"CAN";"6964d438a5186_DSC02652.jpg";2;"不好意思没仔细看 哭";"";"2026-01-12 18:00:08";2;0;1;8;80;"top-right";0;0;3061;1722;3061;1722;"2026-01-12 11:00:08";"";"";"";0;0;0.0;""
1960;93725;424;"B-2813";"中国邮政航空";"Boeing757-200";"B-2813";"2026-01-08 19:04:00";"CAN";"6964d559ba556_DSC02607.jpg";1;"";"";"2026-01-12 18:04:57";6;0;1;6;80;"top-right";0;0;3899;2193;3899;2193;"2026-01-12 11:04:57";"";"";"";0;0;0.0;""
1961;93725;424;"C919";"中国南方航空";"COMAC C919";"B-658Y";"2026-01-08 19:14:00";"CAN";"6964d78f5a620_97654.jpg";1;"";"";"2026-01-12 18:14:23";7;0;1;7;80;"top-right";0;0;3701;2082;3701;2082;"2026-01-12 11:14:23";"";"";"";0;0;0.0;""
1962;93725;424;"777";"中国南方航空";"Boeing777-300ER";"B-2099";"2026-01-08 19:18:00";"CAN";"6964d8b1d4d4e_【【.jpg";1;"";"";"2026-01-12 18:19:14";8;0;1;5;80;"top-right";0;0;5106;2872;5106;2872;"2026-01-12 11:19:14";"";"";"";0;0;0.0;""
1963;93684;93684;"禁止裸奔";"国泰航空";"A350-900";"B-LRJ";"2026-01-01 11:35:00";"厦门高崎国际机场";"6964eabd37cc0_mmexport1767255167770.jpg";2;"很好的图，但是请把机场改成三位码";"";"2026-01-12 19:36:13";2;0;1;15;80;"top-left";0;0;1821;2714;1821;2714;"2026-01-12 12:36:13";"";"";"";0;0;0.0;""
1964;93725;427;"B-LAF";"国泰航空";"A330-342";"B-LAF";"2026-01-08 20:39:00";"CAN";"6964ec0555a60_DSC02553.jpg";1;"";"";"2026-01-12 19:41:41";9;0;1;5;80;"top-right";0;0;4375;2461;4375;2461;"2026-01-12 12:41:41";"";"";"";0;0;0.0;""
1965;93725;429;"9M-AGB";"亚洲航空";"空客A320-251N";"9M-AGB";"2026-01-08 21:07:00";"CAN";"6964f256679ec_【【_1.jpg";2;"锐化不佳
构图不佳";"";"2026-01-12 20:08:38";0;0;1;6;80;"top-right";0;0;3895;2191;3895;2191;"2026-01-12 13:08:38";"";"";"";0;0;0.0;""
1966;93725;427;"9V-OFK";"新加坡航空";"Boeing 787-8 Dreamliner";"9V-OFK";"2026-01-08 21:21:00";"CAN";"6964f5ca16edb_【【_2.jpg";1;"";"";"2026-01-12 20:23:22";7;0;1;6;80;"top-right";0;0;3923;2207;3923;2207;"2026-01-12 13:23:22";"";"";"";0;0;0.0;""
1967;93725;427;"B-20DY";"厦门航空";"Boeing 737 MAX 8";"B-20DY";"2026-01-08 21:29:00";"CAN";"6964f7e6075bb_【.jpg";2;"裁切问题";"飞机在图片里太小";"2026-01-12 20:32:22";1;0;1;5;80;"top-left";0;0;4069;2289;4069;2289;"2026-01-12 13:32:22";"";"";"";0;0;0.0;""
